SampleID,Value
1,142.8392090829697
2,124.66125658157938
3,92.542291637313
4,131.20384909581054
5,59.21050917576243
6,117.83822665334371
7,184.5485238459034
8,88.92130226758574
9,150.91531746516384
10,171.41713636938528
11,117.81020865852165
12,94.53850030690411
13,144.79791795233623
14,133.59624451369132
15,65.65046374161896
16,101.09069911796698
17,94.98998654114828
18,118.17978078126328
19,106.95431605518455
20,114.20102153751775
