SampleID,Value
1,2.619220089926483
2,4.123405762901054
3,2.825079124382887
4,3.6569747893089017
5,2.937241235653347
6,3.093860800365052
7,3.172521784704102
8,3.476911586762022
9,2.6285479167190258
10,3.7197135489527606
11,2.712778145726716
12,3.6758461922524766
13,2.1884977162773365
14,2.9175631621845897
15,3.1351180522782998
16,4.02531481038978
17,3.5057859509490332
18,2.5047799395906813
19,3.4647189855644553
20,2.3145735895717046
